[
  {"model": "shop.category", "pk": 1, "fields": {"name": "Кирпич", "slug": "kirpich"}},
  {"model": "shop.category", "pk": 2, "fields": {"name": "Цемент и смеси", "slug": "cement"}},
  {"model": "shop.category", "pk": 3, "fields": {"name": "Пиломатериалы", "slug": "pilomaterialy"}},
  {"model": "shop.category", "pk": 4, "fields": {"name": "Краски и лаки", "slug": "kraski"}},
  {"model": "shop.category", "pk": 5, "fields": {"name": "Сухие смеси", "slug": "suhic-smesi"}},
  {"model": "shop.category", "pk": 6, "fields": {"name": "Кровельные материалы", "slug": "krovlya"}},
  {"model": "shop.category", "pk": 7, "fields": {"name": "Сантехника", "slug": "santehnika"}},
  {"model": "shop.category", "pk": 8, "fields": {"name": "Электрика", "slug": "elektrika"}},
  {"model": "shop.category", "pk": 9, "fields": {"name": "Инструменты", "slug": "instrumenty"}},
  {"model": "shop.category", "pk": 10, "fields": {"name": "Утеплители", "slug": "utepliteli"}},
  {"model": "shop.category", "pk": 11, "fields": {"name": "Гипсокартон", "slug": "gipsokarton"}},
  {"model": "shop.category", "pk": 12, "fields": {"name": "Плитка", "slug": "plitka"}},
  {"model": "shop.category", "pk": 13, "fields": {"name": "Обои", "slug": "oboi"}},
  {"model": "shop.category", "pk": 14, "fields": {"name": "Напольные покрытия", "slug": "poly"}},
  {"model": "shop.category", "pk": 15, "fields": {"name": "Двери", "slug": "dveri"}},
  {"model": "shop.category", "pk": 16, "fields": {"name": "Окна", "slug": "okna"}},
  {"model": "shop.category", "pk": 17, "fields": {"name": "Фасадные материалы", "slug": "fasad"}},
  {"model": "shop.category", "pk": 18, "fields": {"name": "Ландшафтный дизайн", "slug": "landshaft"}},
  {"model": "shop.category", "pk": 19, "fields": {"name": "Водоснабжение", "slug": "vodosnabzhenie"}},
  {"model": "shop.category", "pk": 20, "fields": {"name": "Отопление", "slug": "otoplenie"}},

  {"model": "shop.characteristic", "pk": 1, "fields": {"name": "Длина", "unit": "мм"}},
  {"model": "shop.characteristic", "pk": 2, "fields": {"name": "Ширина", "unit": "мм"}},
  {"model": "shop.characteristic", "pk": 3, "fields": {"name": "Высота", "unit": "мм"}},
  {"model": "shop.characteristic", "pk": 4, "fields": {"name": "Вес", "unit": "кг"}},
  {"model": "shop.characteristic", "pk": 5, "fields": {"name": "Марка прочности", "unit": ""}},
  {"model": "shop.characteristic", "pk": 6, "fields": {"name": "Объем", "unit": "л"}},
  {"model": "shop.characteristic", "pk": 7, "fields": {"name": "Цвет", "unit": ""}},
  {"model": "shop.characteristic", "pk": 8, "fields": {"name": "Мощность", "unit": "Вт"}},
  {"model": "shop.characteristic", "pk": 9, "fields": {"name": "Материал", "unit": ""}},
  {"model": "shop.characteristic", "pk": 10, "fields": {"name": "Толщина", "unit": "мм"}},

  {"model": "shop.product", "pk": 1, "fields": {"name": "Кирпич красный полнотелый М150", "slug": "kirpich-krasnyj-m150", "category": 1, "description": "Керамический полнотелый кирпич М150. Идеален для несущих стен и перегородок. Морозостойкость F50.", "price": "16.50", "image_url": "https://placehold.co/500x500/FF6B6B/FFFFFF?text=Кирпич+красный", "is_bestseller": true, "is_new": false, "in_stock": true, "created_at": "2024-01-01T10:00:00Z"}},
  {"model": "shop.product", "pk": 2, "fields": {"name": "Кирпич силикатный белый М150", "slug": "kirpich-silikatnyj-belyj", "category": 1, "description": "Силикатный кирпич М150, белый. Экологичный материал, хорошая звукоизоляция.", "price": "14.00", "image_url": "https://placehold.co/500x500/F5F5F5/000000?text=Кирпич+силикатный", "is_bestseller": false, "is_new": false, "in_stock": true, "created_at": "2024-01-02T10:00:00Z"}},
  {"model": "shop.product", "pk": 3, "fields": {"name": "Кирпич облицовочный соломка", "slug": "kirpich-oblitsovochnyj", "category": 1, "description": "Облицовочный кирпич цвета соломка. Для фасадов и заборов.", "price": "25.00", "image_url": "https://placehold.co/500x500/D2B48C/FFFFFF?text=Кирпич+облицовочный", "is_bestseller": true, "is_new": true, "in_stock": true, "created_at": "2024-01-03T10:00:00Z"}},
  {"model": "shop.product", "pk": 4, "fields": {"name": "Кирпич шамотный ША-8", "slug": "kirpich-shamotnyj", "category": 1, "description": "Огнеупорный шамотный кирпич для печей и каминов. Выдерживает до 1650°C.", "price": "45.00", "image_url": "https://placehold.co/500x500/CD853F/FFFFFF?text=Кирпич+шамотный", "is_bestseller": false, "is_new": false, "in_stock": true, "created_at": "2024-01-04T10:00:00Z"}},

  {"model": "shop.product", "pk": 5, "fields": {"name": "Цемент М500 Д0 50кг", "slug": "cement-m500-d0", "category": 2, "description": "Портландцемент М500 без добавок. Для ответственных конструкций.", "price": "380.00", "image_url": "https://placehold.co/500x500/808080/FFFFFF?text=Цемент+М500", "is_bestseller": true, "is_new": false, "in_stock": true, "created_at": "2024-01-05T10:00:00Z"}},
  {"model": "shop.product", "pk": 6, "fields": {"name": "Цемент М400 Д20 50кг", "slug": "cement-m400-d20", "category": 2, "description": "Портландцемент М400 с добавками. Для общестроительных работ.", "price": "340.00", "image_url": "https://placehold.co/500x500/A9A9A9/FFFFFF?text=Цемент+М400", "is_bestseller": false, "is_new": false, "in_stock": true, "created_at": "2024-01-06T10:00:00Z"}},
  {"model": "shop.product", "pk": 7, "fields": {"name": "Цемент белый 25кг", "slug": "cement-belyj", "category": 2, "description": "Белый цемент для декоративных работ и затирки швов.", "price": "550.00", "image_url": "https://placehold.co/500x500/FFFFFF/000000?text=Цемент+белый", "is_bestseller": false, "is_new": true, "in_stock": true, "created_at": "2024-01-07T10:00:00Z"}},

  {"model": "shop.product", "pk": 8, "fields": {"name": "Доска обрезная 50х150х6000", "slug": "doska-oreznaya-50x150", "category": 3, "description": "Доска обрезная из сосны. Естественная влажность.", "price": "1250.00", "image_url": "https://placehold.co/500x500/DEB887/FFFFFF?text=Доска+обрезная", "is_bestseller": true, "is_new": false, "in_stock": true, "created_at": "2024-01-08T10:00:00Z"}},
  {"model": "shop.product", "pk": 9, "fields": {"name": "Брус 100х100х6000", "slug": "brus-100x100", "category": 3, "description": "Сосновый брус. Камерной сушки.", "price": "850.00", "image_url": "https://placehold.co/500x500/DAA520/FFFFFF?text=Брус+100x100", "is_bestseller": false, "is_new": false, "in_stock": true, "created_at": "2024-01-09T10:00:00Z"}},
  {"model": "shop.product", "pk": 10, "fields": {"name": "Брус 150х150х6000", "slug": "brus-150x150", "category": 3, "description": "Сосновый брус для строительства домов.", "price": "1500.00", "image_url": "https://placehold.co/500x500/CD853F/FFFFFF?text=Брус+150x150", "is_bestseller": false, "is_new": false, "in_stock": true, "created_at": "2024-01-10T10:00:00Z"}},
  {"model": "shop.product", "pk": 11, "fields": {"name": "Вагонка штиль сорт А", "slug": "vagonka-shtil", "category": 3, "description": "Сосновая вагонка класса А. Безупречное качество.", "price": "450.00", "image_url": "https://placehold.co/500x500/F5DEB3/FFFFFF?text=Вагонка", "is_bestseller": true, "is_new": false, "in_stock": true, "created_at": "2024-01-11T10:00:00Z"}},
  {"model": "shop.product", "pk": 12, "fields": {"name": "Фанера ФК 1525х1525 10мм", "slug": "fanera-fk-10mm", "category": 3, "description": "Березовая фанера 2/2. Для внутренних работ.", "price": "850.00", "image_url": "https://placehold.co/500x500/FFDEAD/FFFFFF?text=Фанера", "is_bestseller": false, "is_new": false, "in_stock": true, "created_at": "2024-01-12T10:00:00Z"}},
  {"model": "shop.product", "pk": 13, "fields": {"name": "ОСБ-3 2500х1250 9мм", "slug": "osb-3-9mm", "category": 3, "description": "ОСБ-3 влагостойкая. Для строительства и отделки.", "price": "950.00", "image_url": "https://placehold.co/500x500/D2B48C/FFFFFF?text=ОСБ-3", "is_bestseller": true, "is_new": false, "in_stock": true, "created_at": "2024-01-13T10:00:00Z"}},

  {"model": "shop.product", "pk": 14, "fields": {"name": "Краска акриловая белая 2.7л", "slug": "kraska-akrilovaya-belaya", "category": 4, "description": "Акриловая краска для стен и потолков. Экологичная, без запаха.", "price": "450.00", "image_url": "https://placehold.co/500x500/FFFFFF/000000?text=Краска+акриловая", "is_bestseller": true, "is_new": false, "in_stock": true, "created_at": "2024-01-14T10:00:00Z"}},
  {"model": "shop.product", "pk": 15, "fields": {"name": "Краска фасадная 10л", "slug": "kraska-fasadnaya-10l", "category": 4, "description": "Фасадная силиконовая краска. Защита от плесени.", "price": "1850.00", "image_url": "https://placehold.co/500x500/87CEEB/FFFFFF?text=Краска+фасадная", "is_bestseller": false, "is_new": true, "in_stock": true, "created_at": "2024-01-15T10:00:00Z"}},
  {"model": "shop.product", "pk": 16, "fields": {"name": "Лак паркетный матовый 2.5л", "slug": "lak-parketnyj", "category": 4, "description": "Паркетный лак на водной основе. Износостойкий.", "price": "650.00", "image_url": "https://placehold.co/500x500/D3D3D3/FFFFFF?text=Лак", "is_bestseller": false, "is_new": false, "in_stock": true, "created_at": "2024-01-16T10:00:00Z"}},
  {"model": "shop.product", "pk": 17, "fields": {"name": "Грунтовка глубокого проникновения 10л", "slug": "gruntovka-glubokaya", "category": 4, "description": "Акриловая грунтовка. Укрепляет основание.", "price": "550.00", "image_url": "https://placehold.co/500x500/FFE4B5/FFFFFF?text=Грунтовка", "is_bestseller": true, "is_new": false, "in_stock": true, "created_at": "2024-01-17T10:00:00Z"}},

  {"model": "shop.product", "pk": 18, "fields": {"name": "Штукатурка цементная 25кг", "slug": "shtukaturka-cementnaya-25kg", "category": 5, "description": "Цементно-песчаная смесь для оштукатуривания.", "price": "280.00", "image_url": "https://placehold.co/500x500/808080/FFFFFF?text=Штукатурка", "is_bestseller": true, "is_new": false, "in_stock": true, "created_at": "2024-01-18T10:00:00Z"}},
  {"model": "shop.product", "pk": 19, "fields": {"name": "Шпаклевка финишная 20кг", "slug": "shpaklevka-finishnaya", "category": 5, "description": "Гипсовая шпаклевка для идеально гладких стен.", "price": "350.00", "image_url": "https://placehold.co/500x500/FFFFFF/000000?text=Шпаклевка", "is_bestseller": false, "is_new": false, "in_stock": true, "created_at": "2024-01-19T10:00:00Z"}},
  {"model": "shop.product", "pk": 20, "fields": {"name": "Клей для плитки 25кг", "slug": "klej-dlya-plitki-25kg", "category": 5, "description": "Цементный клей для плитки и керамогранита.", "price": "320.00", "image_url": "https://placehold.co/500x500/C0C0C0/FFFFFF?text=Клей+для+плитки", "is_bestseller": true, "is_new": false, "in_stock": true, "created_at": "2024-01-20T10:00:00Z"}},
  {"model": "shop.product", "pk": 21, "fields": {"name": "Наливной пол 25кг", "slug": "nalivnoj-pol", "category": 5, "description": "Самовыравнивающаяся смесь для пола. Финишная.", "price": "380.00", "image_url": "https://placehold.co/500x500/808080/FFFFFF?text=Наливной+пол", "is_bestseller": false, "is_new": true, "in_stock": true, "created_at": "2024-01-21T10:00:00Z"}},

  {"model": "shop.product", "pk": 22, "fields": {"name": "Металлочерепица Монтеррей зеленый", "slug": "metallocherepitsa-zelenyj", "category": 6, "description": "Металлочерепица зеленого цвета. Толщина 0.5мм.", "price": "450.00", "image_url": "https://placehold.co/500x500/228B22/FFFFFF?text=Металлочерепица", "is_bestseller": true, "is_new": false, "in_stock": true, "created_at": "2024-01-22T10:00:00Z"}},
  {"model": "shop.product", "pk": 23, "fields": {"name": "Профнастил С21 оцинкованный", "slug": "profnastil-s21", "category": 6, "description": "Профнастил С21 оцинкованный. Для кровли и заборов.", "price": "380.00", "image_url": "https://placehold.co/500x500/C0C0C0/FFFFFF?text=Профнастил", "is_bestseller": false, "is_new": false, "in_stock": true, "created_at": "2024-01-23T10:00:00Z"}},
  {"model": "shop.product", "pk": 24, "fields": {"name": "Ондулин Smart красный", "slug": "ondulin-krasnyj", "category": 6, "description": "Ондулин красный. Легкий кровельный материал.", "price": "350.00", "image_url": "https://placehold.co/500x500/FF4500/FFFFFF?text=Ондулин", "is_bestseller": false, "is_new": true, "in_stock": true, "created_at": "2024-01-24T10:00:00Z"}},

  {"model": "shop.product", "pk": 25, "fields": {"name": "Унитаз компакт белый", "slug": "unitaz-kompakt-belyj", "category": 7, "description": "Унитаз компакт с полочкой. Керамика.", "price": "4500.00", "image_url": "https://placehold.co/500x500/FFFFFF/000000?text=Унитаз", "is_bestseller": true, "is_new": false, "in_stock": true, "created_at": "2024-01-25T10:00:00Z"}},
  {"model": "shop.product", "pk": 26, "fields": {"name": "Смеситель для кухни поворотный", "slug": "smesitel-kuhonnyj", "category": 7, "description": "Поворотный смеситель для кухни. Хромированное покрытие.", "price": "2500.00", "image_url": "https://placehold.co/500x500/C0C0C0/FFFFFF?text=Смеситель", "is_bestseller": true, "is_new": false, "in_stock": true, "created_at": "2024-01-26T10:00:00Z"}},
  {"model": "shop.product", "pk": 27, "fields": {"name": "Душевая стойка с лейкой", "slug": "dushevaya-stojka", "category": 7, "description": "Душевая стойка с лейкой и шлангом. Нержавеющая сталь.", "price": "1850.00", "image_url": "https://placehold.co/500x500/C0C0C0/FFFFFF?text=Душевая+стойка", "is_bestseller": false, "is_new": true, "in_stock": true, "created_at": "2024-01-27T10:00:00Z"}},

  {"model": "shop.product", "pk": 28, "fields": {"name": "Кабель ВВГ-П 3х2.5", "slug": "kabel-vvg-3x2-5", "category": 8, "description": "Кабель медный для проводки. 100 метров в бухте.", "price": "2500.00", "image_url": "https://placehold.co/500x500/000000/FFFFFF?text=Кабель", "is_bestseller": true, "is_new": false, "in_stock": true, "created_at": "2024-01-28T10:00:00Z"}},
  {"model": "shop.product", "pk": 29, "fields": {"name": "Розетка двойная Legrand", "slug": "rozetka-dvojnaya", "category": 8, "description": "Двойная розетка Legrand. Защита от детей.", "price": "350.00", "image_url": "https://placehold.co/500x500/FFFFFF/000000?text=Розетка", "is_bestseller": false, "is_new": false, "in_stock": true, "created_at": "2024-01-29T10:00:00Z"}},
  {"model": "shop.product", "pk": 30, "fields": {"name": "Выключатель двухклавишный", "slug": "vyklyuchatel-dvuhklavishnyj", "category": 8, "description": "Двухклавишный выключатель. Белый глянец.", "price": "280.00", "image_url": "https://placehold.co/500x500/FFFFFF/000000?text=Выключатель", "is_bestseller": false, "is_new": false, "in_stock": true, "created_at": "2024-01-30T10:00:00Z"}},

  {"model": "shop.product", "pk": 31, "fields": {"name": "Перфоратор Bosch GBH 2-26 DFR", "slug": "perforator-bosch-gbh-2-26", "category": 9, "description": "Мощный перфоратор с функцией отбойника. 800Вт.", "price": "12500.00", "image_url": "https://placehold.co/500x500/006400/FFFFFF?text=Перфоратор+Bosch", "is_bestseller": true, "is_new": false, "in_stock": true, "created_at": "2024-01-31T10:00:00Z"}},
  {"model": "shop.product", "pk": 32, "fields": {"name": "Шуруповерт Makita DDF483", "slug": "shurupovert-makita", "category": 9, "description": "Аккумуляторный шуруповерт 18В. Два аккумулятора.", "price": "8500.00", "image_url": "https://placehold.co/500x500/0000CD/FFFFFF?text=Шуруповерт+Makita", "is_bestseller": true, "is_new": true, "in_stock": true, "created_at": "2024-02-01T10:00:00Z"}},
  {"model": "shop.product", "pk": 33, "fields": {"name": "Угловая шлифмашина (болгарка) 125мм", "slug": "bolgarka-125mm", "category": 9, "description": "УШМ 125мм. Мощность 1100Вт.", "price": "3200.00", "image_url": "https://placehold.co/500x500/FF8C00/FFFFFF?text=Болгарка", "is_bestseller": false, "is_new": false, "in_stock": true, "created_at": "2024-02-02T10:00:00Z"}},

  {"model": "shop.product", "pk": 34, "fields": {"name": "Минвата Rockwool Лайт Баттс 50мм", "slug": "minvata-rockwool-50mm", "category": 10, "description": "Каменная вата для утепления стен и перекрытий.", "price": "850.00", "image_url": "https://placehold.co/500x500/F0E68C/FFFFFF?text=Минвата", "is_bestseller": true, "is_new": false, "in_stock": true, "created_at": "2024-02-03T10:00:00Z"}},
  {"model": "shop.product", "pk": 35, "fields": {"name": "Пеноплекс 50мм 0.75м2", "slug": "penoplex-50mm", "category": 10, "description": "Экструдированный пенополистирол для утепления фундамента.", "price": "1200.00", "image_url": "https://placehold.co/500x500/FFD700/FFFFFF?text=Пеноплекс", "is_bestseller": false, "is_new": false, "in_stock": true, "created_at": "2024-02-04T10:00:00Z"}},

  {"model": "shop.product", "pk": 36, "fields": {"name": "Гипсокартон влагостойкий 12.5мм", "slug": "gipsokarton-vlagostojkij", "category": 11, "description": "Влагостойкий гипсокартон для ванных комнат.", "price": "450.00", "image_url": "https://placehold.co/500x500/F5F5DC/FFFFFF?text=Гипсокартон", "is_bestseller": true, "is_new": false, "in_stock": true, "created_at": "2024-02-05T10:00:00Z"}},
  {"model": "shop.product", "pk": 37, "fields": {"name": "Профиль направляющий ПН 50х40", "slug": "profil-pn-50x40", "category": 11, "description": "Металлический профиль для гипсокартона. Длина 3м.", "price": "120.00", "image_url": "https://placehold.co/500x500/C0C0C0/FFFFFF?text=Профиль", "is_bestseller": false, "is_new": false, "in_stock": true, "created_at": "2024-02-06T10:00:00Z"}},

  {"model": "shop.product", "pk": 38, "fields": {"name": "Плитка керамогранит 60х60 серый", "slug": "plitka-keramogranit-60x60", "category": 12, "description": "Керамогранит серый для пола и стен. Высокая износостойкость.", "price": "850.00", "image_url": "https://placehold.co/500x500/696969/FFFFFF?text=Керамогранит", "is_bestseller": true, "is_new": true, "in_stock": true, "created_at": "2024-02-07T10:00:00Z"}},
  {"model": "shop.product", "pk": 39, "fields": {"name": "Плитка ванная 30х30 белая", "slug": "plitka-vannaya-30x30", "category": 12, "description": "Настенная плитка для ванной. Белая глянцевая.", "price": "350.00", "image_url": "https://placehold.co/500x500/FFFFFF/000000?text=Плитка+ванная", "is_bestseller": false, "is_new": false, "in_stock": true, "created_at": "2024-02-08T10:00:00Z"}},

  {"model": "shop.product", "pk": 40, "fields": {"name": "Обои виниловые на флизелине", "slug": "oboi-vinilovye", "category": 13, "description": "Виниловые обои с цветочным рисунком. Моющиеся.", "price": "1200.00", "image_url": "https://placehold.co/500x500/FFC0CB/FFFFFF?text=Обои", "is_bestseller": true, "is_new": false, "in_stock": true, "created_at": "2024-02-09T10:00:00Z"}},
  {"model": "shop.product", "pk": 41, "fields": {"name": "Обои флизелиновые под покраску", "slug": "oboi-flizelinovye", "category": 13, "description": "Флизелиновые обои под покраску. Рельефные.", "price": "850.00", "image_url": "https://placehold.co/500x500/F5F5DC/FFFFFF?text=Обои+флизелиновые", "is_bestseller": false, "is_new": false, "in_stock": true, "created_at": "2024-02-10T10:00:00Z"}},

  {"model": "shop.product", "pk": 42, "fields": {"name": "Ламинат 33 класс дуб", "slug": "laminat-33-klass", "category": 14, "description": "Ламинат класса 33. Дубовый декор. Влагостойкий.", "price": "650.00", "image_url": "https://placehold.co/500x500/D2B48C/FFFFFF?text=Ламинат", "is_bestseller": true, "is_new": false, "in_stock": true, "created_at": "2024-02-11T10:00:00Z"}},
  {"model": "shop.product", "pk": 43, "fields": {"name": "Линолеум коммерческий Tarkett", "slug": "linoleum-tarkett", "category": 14, "description": "Коммерческий линолеум. Повышенная износостойкость.", "price": "450.00", "image_url": "https://placehold.co/500x500/808080/FFFFFF?text=Линолеум", "is_bestseller": false, "is_new": true, "in_stock": true, "created_at": "2024-02-12T10:00:00Z"}},

  {"model": "shop.product", "pk": 44, "fields": {"name": "Дверь межкомнатная белая", "slug": "dver-mezhkomnatnaya-belaya", "category": 15, "description": "Межкомнатная дверь белая. Ламинированная.", "price": "4500.00", "image_url": "https://placehold.co/500x500/FFFFFF/000000?text=Дверь+межкомнатная", "is_bestseller": true, "is_new": false, "in_stock": true, "created_at": "2024-02-13T10:00:00Z"}},
  {"model": "shop.product", "pk": 45, "fields": {"name": "Дверь входная металлическая", "slug": "dver-vhodnaya-metallicheskaya", "category": 15, "description": "Входная дверь с терморазрывом. Три контура уплотнения.", "price": "12500.00", "image_url": "https://placehold.co/500x500/2F4F4F/FFFFFF?text=Дверь+входная", "is_bestseller": false, "is_new": false, "in_stock": true, "created_at": "2024-02-14T10:00:00Z"}},

  {"model": "shop.product", "pk": 46, "fields": {"name": "Пластиковое окно 1200х1500", "slug": "okno-plastikovoe-1200x1500", "category": 16, "description": "Двухкамерный стеклопакет. Цвет белый.", "price": "8500.00", "image_url": "https://placehold.co/500x500/FFFFFF/000000?text=Окно+ПВХ", "is_bestseller": true, "is_new": true, "in_stock": true, "created_at": "2024-02-15T10:00:00Z"}},

  {"model": "shop.product", "pk": 47, "fields": {"name": "Сайдинг виниловый бежевый", "slug": "sajding-vinilovyj", "category": 17, "description": "Виниловый сайдинг для фасада. Устойчив к УФ.", "price": "350.00", "image_url": "https://placehold.co/500x500/D2B48C/FFFFFF?text=Сайдинг", "is_bestseller": false, "is_new": false, "in_stock": true, "created_at": "2024-02-16T10:00:00Z"}},

  {"model": "shop.product", "pk": 48, "fields": {"name": "Тротуарная плитка серый 50х50", "slug": "trotuarnaya-plitka", "category": 18, "description": "Тротуарная плитка для дорожек. Форма квадрат.", "price": "280.00", "image_url": "https://placehold.co/500x500/808080/FFFFFF?text=Плитка+тротуарная", "is_bestseller": true, "is_new": false, "in_stock": true, "created_at": "2024-02-17T10:00:00Z"}},

  {"model": "shop.product", "pk": 49, "fields": {"name": "Труба ПНД 32мм 50м", "slug": "truba-pnd-32mm", "category": 19, "description": "Труба ПНД для водоснабжения. Техническая.", "price": "1800.00", "image_url": "https://placehold.co/500x500/000000/FFFFFF?text=Труба+ПНД", "is_bestseller": false, "is_new": false, "in_stock": true, "created_at": "2024-02-18T10:00:00Z"}},

  {"model": "shop.product", "pk": 50, "fields": {"name": "Радиатор алюминиевый 10 секций", "slug": "radiatory-alyuminievye", "category": 20, "description": "Алюминиевый радиатор отопления. 10 секций.", "price": "4200.00", "image_url": "https://placehold.co/500x500/C0C0C0/FFFFFF?text=Радиатор", "is_bestseller": true, "is_new": true, "in_stock": true, "created_at": "2024-02-19T10:00:00Z"}},

  {"model": "shop.productcharacteristic", "pk": 1, "fields": {"product": 1, "characteristic": 1, "value": "250"}},
  {"model": "shop.productcharacteristic", "pk": 2, "fields": {"product": 1, "characteristic": 2, "value": "120"}},
  {"model": "shop.productcharacteristic", "pk": 3, "fields": {"product": 1, "characteristic": 3, "value": "65"}},
  {"model": "shop.productcharacteristic", "pk": 4, "fields": {"product": 1, "characteristic": 4, "value": "3.5"}},
  {"model": "shop.productcharacteristic", "pk": 5, "fields": {"product": 1, "characteristic": 5, "value": "М150"}},
  {"model": "shop.productcharacteristic", "pk": 6, "fields": {"product": 5, "characteristic": 4, "value": "50"}},
  {"model": "shop.productcharacteristic", "pk": 7, "fields": {"product": 5, "characteristic": 5, "value": "М500"}},
  {"model": "shop.productcharacteristic", "pk": 8, "fields": {"product": 8, "characteristic": 1, "value": "6000"}},
  {"model": "shop.productcharacteristic", "pk": 9, "fields": {"product": 8, "characteristic": 2, "value": "150"}},
  {"model": "shop.productcharacteristic", "pk": 10, "fields": {"product": 8, "characteristic": 10, "value": "50"}},
  {"model": "shop.productcharacteristic", "pk": 11, "fields": {"product": 14, "characteristic": 6, "value": "2.7"}},
  {"model": "shop.productcharacteristic", "pk": 12, "fields": {"product": 14, "characteristic": 7, "value": "Белая"}},
  {"model": "shop.productcharacteristic", "pk": 13, "fields": {"product": 25, "characteristic": 9, "value": "Керамика"}},
  {"model": "shop.productcharacteristic", "pk": 14, "fields": {"product": 28, "characteristic": 1, "value": "100000"}},
  {"model": "shop.productcharacteristic", "pk": 15, "fields": {"product": 31, "characteristic": 8, "value": "800"}},
  {"model": "shop.productcharacteristic", "pk": 16, "fields": {"product": 34, "characteristic": 10, "value": "50"}},
  {"model": "shop.productcharacteristic", "pk": 17, "fields": {"product": 36, "characteristic": 10, "value": "12.5"}},
  {"model": "shop.productcharacteristic", "pk": 18, "fields": {"product": 38, "characteristic": 1, "value": "600"}},
  {"model": "shop.productcharacteristic", "pk": 19, "fields": {"product": 38, "characteristic": 2, "value": "600"}},
  {"model": "shop.productcharacteristic", "pk": 20, "fields": {"product": 40, "characteristic": 1, "value": "10.05"}},
  {"model": "shop.productcharacteristic", "pk": 21, "fields": {"product": 42, "characteristic": 1, "value": "1200"}},
  {"model": "shop.productcharacteristic", "pk": 22, "fields": {"product": 42, "characteristic": 2, "value": "193"}},
  {"model": "shop.productcharacteristic", "pk": 23, "fields": {"product": 44, "characteristic": 1, "value": "2000"}},
  {"model": "shop.productcharacteristic", "pk": 24, "fields": {"product": 44, "characteristic": 2, "value": "800"}}
]