[
  {"model": "shop.category", "pk": 1, "fields": {"name": "Кирпич", "slug": "kirpich"}},
  {"model": "shop.category", "pk": 2, "fields": {"name": "Цемент и смеси", "slug": "cement"}},
  {"model": "shop.category", "pk": 3, "fields": {"name": "Пиломатериалы", "slug": "pilomaterialy"}},
  {"model": "shop.category", "pk": 4, "fields": {"name": "Краски и лаки", "slug": "kraski"}},
  {"model": "shop.category", "pk": 5, "fields": {"name": "Сухие смеси", "slug": "suhic-smesi"}},
  {"model": "shop.category", "pk": 6, "fields": {"name": "Кровельные материалы", "slug": "krovlya"}},
  {"model": "shop.category", "pk": 7, "fields": {"name": "Сантехника", "slug": "santehnika"}},
  {"model": "shop.category", "pk": 8, "fields": {"name": "Электрика", "slug": "elektrika"}},
  {"model": "shop.category", "pk": 9, "fields": {"name": "Инструменты", "slug": "instrumenty"}},
  {"model": "shop.category", "pk": 10, "fields": {"name": "Утеплители", "slug": "utepliteli"}},
  {"model": "shop.category", "pk": 11, "fields": {"name": "Гипсокартон", "slug": "gipsokarton"}},
  {"model": "shop.category", "pk": 12, "fields": {"name": "Плитка", "slug": "plitka"}},
  {"model": "shop.category", "pk": 13, "fields": {"name": "Обои", "slug": "oboi"}},
  {"model": "shop.category", "pk": 14, "fields": {"name": "Напольные покрытия", "slug": "poly"}},
  {"model": "shop.category", "pk": 15, "fields": {"name": "Двери", "slug": "dveri"}},
  {"model": "shop.category", "pk": 16, "fields": {"name": "Окна", "slug": "okna"}},
  {"model": "shop.category", "pk": 17, "fields": {"name": "Фасадные материалы", "slug": "fasad"}},
  {"model": "shop.category", "pk": 18, "fields": {"name": "Ландшафтный дизайн", "slug": "landshaft"}},
  {"model": "shop.category", "pk": 19, "fields": {"name": "Водоснабжение", "slug": "vodosnabzhenie"}},
  {"model": "shop.category", "pk": 20, "fields": {"name": "Отопление", "slug": "otoplenie"}},

  {"model": "shop.characteristic", "pk": 1, "fields": {"name": "Длина", "unit": "мм"}},
  {"model": "shop.characteristic", "pk": 2, "fields": {"name": "Ширина", "unit": "мм"}},
  {"model": "shop.characteristic", "pk": 3, "fields": {"name": "Высота", "unit": "мм"}},
  {"model": "shop.characteristic", "pk": 4, "fields": {"name": "Вес", "unit": "кг"}},
  {"model": "shop.characteristic", "pk": 5, "fields": {"name": "Марка", "unit": ""}},
  {"model": "shop.characteristic", "pk": 6, "fields": {"name": "Объем", "unit": "л"}},
  {"model": "shop.characteristic", "pk": 7, "fields": {"name": "Цвет", "unit": ""}},
  {"model": "shop.characteristic", "pk": 8, "fields": {"name": "Мощность", "unit": "Вт"}},
  {"model": "shop.characteristic", "pk": 9, "fields": {"name": "Материал", "unit": ""}},
  {"model": "shop.characteristic", "pk": 10, "fields": {"name": "Толщина", "unit": "мм"}},
  {"model": "shop.characteristic", "pk": 11, "fields": {"name": "Диаметр", "unit": "мм"}},
  {"model": "shop.characteristic", "pk": 12, "fields": {"name": "Количество секций", "unit": "шт"}},
  {"model": "shop.characteristic", "pk": 13, "fields": {"name": "Размер", "unit": "см"}},
  {"model": "shop.characteristic", "pk": 14, "fields": {"name": "Класс", "unit": ""}},

  {"model": "shop.product", "pk": 1, "fields": {"name": "Кирпич красный полнотелый М150", "slug": "kirpich-krasnyj-m150", "category": 1, "description": "Керамический полнотелый кирпич М150. Идеален для несущих стен и перегородок.", "price": "16.50", "image_url": "https://placehold.co/500x500/FF6B6B/FFFFFF?text=Кирпич+красный", "is_bestseller": true, "is_new": false, "in_stock": true, "created_at": "2024-01-01T10:00:00Z"}},
  {"model": "shop.product", "pk": 2, "fields": {"name": "Кирпич силикатный белый М150", "slug": "kirpich-silikatnyj-belyj", "category": 1, "description": "Силикатный кирпич М150, белый. Экологичный материал.", "price": "14.00", "image_url": "https://placehold.co/500x500/F5F5F5/000000?text=Кирпич+силикатный", "is_bestseller": false, "is_new": false, "in_stock": true, "created_at": "2024-01-02T10:00:00Z"}},
  {"model": "shop.product", "pk": 3, "fields": {"name": "Кирпич облицовочный соломка", "slug": "kirpich-oblitsovochnyj", "category": 1, "description": "Облицовочный кирпич цвета соломка. Для фасадов и заборов.", "price": "25.00", "image_url": "https://placehold.co/500x500/D2B48C/FFFFFF?text=Кирпич+облицовочный", "is_bestseller": true, "is_new": true, "in_stock": true, "created_at": "2024-01-03T10:00:00Z"}},
  {"model": "shop.product", "pk": 4, "fields": {"name": "Кирпич шамотный ША-8", "slug": "kirpich-shamotnyj", "category": 1, "description": "Огнеупорный шамотный кирпич для печей и каминов.", "price": "45.00", "image_url": "https://placehold.co/500x500/CD853F/FFFFFF?text=Кирпич+шамотный", "is_bestseller": false, "is_new": false, "in_stock": true, "created_at": "2024-01-04T10:00:00Z"}},

  {"model": "shop.product", "pk": 5, "fields": {"name": "Цемент М500 Д0 50кг", "slug": "cement-m500-d0", "category": 2, "description": "Портландцемент М500 без добавок. Для ответственных конструкций.", "price": "380.00", "image_url": "https://placehold.co/500x500/808080/FFFFFF?text=Цемент+М500", "is_bestseller": true, "is_new": false, "in_stock": true, "created_at": "2024-01-05T10:00:00Z"}},
  {"model": "shop.product", "pk": 6, "fields": {"name": "Цемент М400 Д20 50кг", "slug": "cement-m400-d20", "category": 2, "description": "Портландцемент М400 с добавками.", "price": "340.00", "image_url": "https://placehold.co/500x500/A9A9A9/FFFFFF?text=Цемент+М400", "is_bestseller": false, "is_new": false, "in_stock": true, "created_at": "2024-01-06T10:00:00Z"}},
  {"model": "shop.product", "pk": 7, "fields": {"name": "Цемент белый 25кг", "slug": "cement-belyj", "category": 2, "description": "Белый цемент для декоративных работ.", "price": "550.00", "image_url": "https://placehold.co/500x500/FFFFFF/000000?text=Цемент+белый", "is_bestseller": false, "is_new": true, "in_stock": true, "created_at": "2024-01-07T10:00:00Z"}},

  {"model": "shop.product", "pk": 8, "fields": {"name": "Доска обрезная 50х150х6000", "slug": "doska-oreznaya-50x150", "category": 3, "description": "Доска обрезная из сосны. Естественная влажность.", "price": "1250.00", "image_url": "https://placehold.co/500x500/DEB887/FFFFFF?text=Доска+обрезная", "is_bestseller": true, "is_new": false, "in_stock": true, "created_at": "2024-01-08T10:00:00Z"}},
  {"model": "shop.product", "pk": 9, "fields": {"name": "Брус 100х100х6000", "slug": "brus-100x100", "category": 3, "description": "Сосновый брус камерной сушки.", "price": "850.00", "image_url": "https://placehold.co/500x500/DAA520/FFFFFF?text=Брус+100x100", "is_bestseller": false, "is_new": false, "in_stock": true, "created_at": "2024-01-09T10:00:00Z"}},
  {"model": "shop.product", "pk": 10, "fields": {"name": "Брус 150х150х6000", "slug": "brus-150x150", "category": 3, "description": "Сосновый брус для строительства домов.", "price": "1500.00", "image_url": "https://placehold.co/500x500/CD853F/FFFFFF?text=Брус+150x150", "is_bestseller": false, "is_new": false, "in_stock": true, "created_at": "2024-01-10T10:00:00Z"}},
  {"model": "shop.product", "pk": 11, "fields": {"name": "Вагонка штиль сорт А", "slug": "vagonka-shtil", "category": 3, "description": "Сосновая вагонка класса А.", "price": "450.00", "image_url": "https://placehold.co/500x500/F5DEB3/FFFFFF?text=Вагонка", "is_bestseller": true, "is_new": false, "in_stock": true, "created_at": "2024-01-11T10:00:00Z"}},
  {"model": "shop.product", "pk": 12, "fields": {"name": "Фанера ФК 1525х1525 10мм", "slug": "fanera-fk-10mm", "category": 3, "description": "Березовая фанера для внутренних работ.", "price": "850.00", "image_url": "https://placehold.co/500x500/FFDEAD/FFFFFF?text=Фанера", "is_bestseller": false, "is_new": false, "in_stock": true, "created_at": "2024-01-12T10:00:00Z"}},
  {"model": "shop.product", "pk": 13, "fields": {"name": "ОСБ-3 2500х1250 9мм", "slug": "osb-3-9mm", "category": 3, "description": "ОСБ-3 влагостойкая для строительства.", "price": "950.00", "image_url": "https://placehold.co/500x500/D2B48C/FFFFFF?text=ОСБ-3", "is_bestseller": true, "is_new": false, "in_stock": true, "created_at": "2024-01-13T10:00:00Z"}},

  {"model": "shop.product", "pk": 14, "fields": {"name": "Краска акриловая белая 2.7л", "slug": "kraska-akrilovaya-belaya", "category": 4, "description": "Акриловая краска для стен и потолков.", "price": "450.00", "image_url": "https://placehold.co/500x500/FFFFFF/000000?text=Краска", "is_bestseller": true, "is_new": false, "in_stock": true, "created_at": "2024-01-14T10:00:00Z"}},
  {"model": "shop.product", "pk": 15, "fields": {"name": "Краска фасадная 10л", "slug": "kraska-fasadnaya-10l", "category": 4, "description": "Фасадная силиконовая краска.", "price": "1850.00", "image_url": "https://placehold.co/500x500/87CEEB/FFFFFF?text=Краска+фасадная", "is_bestseller": false, "is_new": true, "in_stock": true, "created_at": "2024-01-15T10:00:00Z"}},
  {"model": "shop.product", "pk": 16, "fields": {"name": "Лак паркетный матовый 2.5л", "slug": "lak-parketnyj", "category": 4, "description": "Паркетный лак на водной основе.", "price": "650.00", "image_url": "https://placehold.co/500x500/D3D3D3/FFFFFF?text=Лак", "is_bestseller": false, "is_new": false, "in_stock": true, "created_at": "2024-01-16T10:00:00Z"}},
  {"model": "shop.product", "pk": 17, "fields": {"name": "Грунтовка глубокого проникновения 10л", "slug": "gruntovka-glubokaya", "category": 4, "description": "Акриловая грунтовка укрепляет основание.", "price": "550.00", "image_url": "https://placehold.co/500x500/FFE4B5/FFFFFF?text=Грунтовка", "is_bestseller": true, "is_new": false, "in_stock": true, "created_at": "2024-01-17T10:00:00Z"}},

  {"model": "shop.product", "pk": 18, "fields": {"name": "Штукатурка цементная 25кг", "slug": "shtukaturka-cementnaya", "category": 5, "description": "Цементно-песчаная смесь для оштукатуривания.", "price": "280.00", "image_url": "https://placehold.co/500x500/808080/FFFFFF?text=Штукатурка", "is_bestseller": true, "is_new": false, "in_stock": true, "created_at": "2024-01-18T10:00:00Z"}},
  {"model": "shop.product", "pk": 19, "fields": {"name": "Шпаклевка финишная 20кг", "slug": "shpaklevka-finishnaya", "category": 5, "description": "Гипсовая шпаклевка для гладких стен.", "price": "350.00", "image_url": "https://placehold.co/500x500/FFFFFF/000000?text=Шпаклевка", "is_bestseller": false, "is_new": false, "in_stock": true, "created_at": "2024-01-19T10:00:00Z"}},
  {"model": "shop.product", "pk": 20, "fields": {"name": "Клей для плитки 25кг", "slug": "klej-dlya-plitki", "category": 5, "description": "Цементный клей для плитки и керамогранита.", "price": "320.00", "image_url": "https://placehold.co/500x500/C0C0C0/FFFFFF?text=Клей", "is_bestseller": true, "is_new": false, "in_stock": true, "created_at": "2024-01-20T10:00:00Z"}},
  {"model": "shop.product", "pk": 21, "fields": {"name": "Наливной пол 25кг", "slug": "nalivnoj-pol", "category": 5, "description": "Самовыравнивающаяся смесь для пола.", "price": "380.00", "image_url": "https://placehold.co/500x500/808080/FFFFFF?text=Наливной+пол", "is_bestseller": false, "is_new": true, "in_stock": true, "created_at": "2024-01-21T10:00:00Z"}},

  {"model": "shop.product", "pk": 22, "fields": {"name": "Металлочерепица Монтеррей зеленый", "slug": "metallocherepitsa-zelenyj", "category": 6, "description": "Металлочерепица зеленого цвета.", "price": "450.00", "image_url": "https://placehold.co/500x500/228B22/FFFFFF?text=Металлочерепица", "is_bestseller": true, "is_new": false, "in_stock": true, "created_at": "2024-01-22T10:00:00Z"}},
  {"model": "shop.product", "pk": 23, "fields": {"name": "Профнастил С21 оцинкованный", "slug": "profnastil-s21", "category": 6, "description": "Профнастил С21 оцинкованный.", "price": "380.00", "image_url": "https://placehold.co/500x500/C0C0C0/FFFFFF?text=Профнастил", "is_bestseller": false, "is_new": false, "in_stock": true, "created_at": "2024-01-23T10:00:00Z"}},
  {"model": "shop.product", "pk": 24, "fields": {"name": "Ондулин Smart красный", "slug": "ondulin-krasnyj", "category": 6, "description": "Ондулин красный. Легкий кровельный материал.", "price": "350.00", "image_url": "https://placehold.co/500x500/FF4500/FFFFFF?text=Ондулин", "is_bestseller": false, "is_new": true, "in_stock": true, "created_at": "2024-01-24T10:00:00Z"}},

  {"model": "shop.product", "pk": 25, "fields": {"name": "Унитаз компакт белый", "slug": "unitaz-kompakt-belyj", "category": 7, "description": "Унитаз компакт с полочкой.", "price": "4500.00", "image_url": "https://placehold.co/500x500/FFFFFF/000000?text=Унитаз", "is_bestseller": true, "is_new": false, "in_stock": true, "created_at": "2024-01-25T10:00:00Z"}},
  {"model": "shop.product", "pk": 26, "fields": {"name": "Смеситель для кухни поворотный", "slug": "smesitel-kuhonnyj", "category": 7, "description": "Поворотный смеситель для кухни.", "price": "2500.00", "image_url": "https://placehold.co/500x500/C0C0C0/FFFFFF?text=Смеситель", "is_bestseller": true, "is_new": false, "in_stock": true, "created_at": "2024-01-26T10:00:00Z"}},
  {"model": "shop.product", "pk": 27, "fields": {"name": "Душевая стойка с лейкой", "slug": "dushevaya-stojka", "category": 7, "description": "Душевая стойка с лейкой и шлангом.", "price": "1850.00", "image_url": "https://placehold.co/500x500/C0C0C0/FFFFFF?text=Душевая+стойка", "is_bestseller": false, "is_new": true, "in_stock": true, "created_at": "2024-01-27T10:00:00Z"}},

  {"model": "shop.product", "pk": 28, "fields": {"name": "Кабель ВВГ-П 3х2.5 100м", "slug": "kabel-vvg-3x2-5", "category": 8, "description": "Кабель медный для проводки.", "price": "2500.00", "image_url": "https://placehold.co/500x500/000000/FFFFFF?text=Кабель", "is_bestseller": true, "is_new": false, "in_stock": true, "created_at": "2024-01-28T10:00:00Z"}},
  {"model": "shop.product", "pk": 29, "fields": {"name": "Розетка двойная Legrand", "slug": "rozetka-dvojnaya", "category": 8, "description": "Двойная розетка Legrand.", "price": "350.00", "image_url": "https://placehold.co/500x500/FFFFFF/000000?text=Розетка", "is_bestseller": false, "is_new": false, "in_stock": true, "created_at": "2024-01-29T10:00:00Z"}},
  {"model": "shop.product", "pk": 30, "fields": {"name": "Выключатель двухклавишный", "slug": "vyklyuchatel-dvuhklavishnyj", "category": 8, "description": "Двухклавишный выключатель.", "price": "280.00", "image_url": "https://placehold.co/500x500/FFFFFF/000000?text=Выключатель", "is_bestseller": false, "is_new": false, "in_stock": true, "created_at": "2024-01-30T10:00:00Z"}},

  {"model": "shop.product", "pk": 31, "fields": {"name": "Перфоратор Bosch GBH 2-26 DFR", "slug": "perforator-bosch-gbh-2-26", "category": 9, "description": "Мощный перфоратор с функцией отбойника.", "price": "12500.00", "image_url": "https://placehold.co/500x500/006400/FFFFFF?text=Bosch", "is_bestseller": true, "is_new": false, "in_stock": true, "created_at": "2024-01-31T10:00:00Z"}},
  {"model": "shop.product", "pk": 32, "fields": {"name": "Шуруповерт Makita DDF483", "slug": "shurupovert-makita", "category": 9, "description": "Аккумуляторный шуруповерт 18В.", "price": "8500.00", "image_url": "https://placehold.co/500x500/0000CD/FFFFFF?text=Makita", "is_bestseller": true, "is_new": true, "in_stock": true, "created_at": "2024-02-01T10:00:00Z"}},
  {"model": "shop.product", "pk": 33, "fields": {"name": "Болгарка 125мм 1100Вт", "slug": "bolgarka-125mm", "category": 9, "description": "Угловая шлифмашина 125мм.", "price": "3200.00", "image_url": "https://placehold.co/500x500/FF8C00/FFFFFF?text=Болгарка", "is_bestseller": false, "is_new": false, "in_stock": true, "created_at": "2024-02-02T10:00:00Z"}},

  {"model": "shop.product", "pk": 34, "fields": {"name": "Минвата Rockwool 50мм", "slug": "minvata-rockwool-50mm", "category": 10, "description": "Каменная вата для утепления.", "price": "850.00", "image_url": "https://placehold.co/500x500/F0E68C/FFFFFF?text=Минвата", "is_bestseller": true, "is_new": false, "in_stock": true, "created_at": "2024-02-03T10:00:00Z"}},
  {"model": "shop.product", "pk": 35, "fields": {"name": "Пеноплекс 50мм", "slug": "penoplex-50mm", "category": 10, "description": "Экструдированный пенополистирол.", "price": "1200.00", "image_url": "https://placehold.co/500x500/FFD700/FFFFFF?text=Пеноплекс", "is_bestseller": false, "is_new": false, "in_stock": true, "created_at": "2024-02-04T10:00:00Z"}},

  {"model": "shop.product", "pk": 36, "fields": {"name": "Гипсокартон влагостойкий 12.5мм", "slug": "gipsokarton-vlagostojkij", "category": 11, "description": "Влагостойкий гипсокартон.", "price": "450.00", "image_url": "https://placehold.co/500x500/F5F5DC/FFFFFF?text=Гипсокартон", "is_bestseller": true, "is_new": false, "in_stock": true, "created_at": "2024-02-05T10:00:00Z"}},
  {"model": "shop.product", "pk": 37, "fields": {"name": "Профиль ПН 50х40 3м", "slug": "profil-pn-50x40", "category": 11, "description": "Металлический профиль для гипсокартона.", "price": "120.00", "image_url": "https://placehold.co/500x500/C0C0C0/FFFFFF?text=Профиль", "is_bestseller": false, "is_new": false, "in_stock": true, "created_at": "2024-02-06T10:00:00Z"}},

  {"model": "shop.product", "pk": 38, "fields": {"name": "Керамогранит 60х60 серый", "slug": "plitka-keramogranit-60x60", "category": 12, "description": "Керамогранит серый для пола.", "price": "850.00", "image_url": "https://placehold.co/500x500/696969/FFFFFF?text=Керамогранит", "is_bestseller": true, "is_new": true, "in_stock": true, "created_at": "2024-02-07T10:00:00Z"}},
  {"model": "shop.product", "pk": 39, "fields": {"name": "Плитка ванная 30х30 белая", "slug": "plitka-vannaya-30x30", "category": 12, "description": "Настенная плитка для ванной.", "price": "350.00", "image_url": "https://placehold.co/500x500/FFFFFF/000000?text=Плитка", "is_bestseller": false, "is_new": false, "in_stock": true, "created_at": "2024-02-08T10:00:00Z"}},

  {"model": "shop.product", "pk": 40, "fields": {"name": "Обои виниловые", "slug": "oboi-vinilovye", "category": 13, "description": "Виниловые обои, моющиеся.", "price": "1200.00", "image_url": "https://placehold.co/500x500/FFC0CB/FFFFFF?text=Обои", "is_bestseller": true, "is_new": false, "in_stock": true, "created_at": "2024-02-09T10:00:00Z"}},
  {"model": "shop.product", "pk": 41, "fields": {"name": "Обои флизелиновые под покраску", "slug": "oboi-flizelinovye", "category": 13, "description": "Флизелиновые обои под покраску.", "price": "850.00", "image_url": "https://placehold.co/500x500/F5F5DC/FFFFFF?text=Обои+флизелин", "is_bestseller": false, "is_new": false, "in_stock": true, "created_at": "2024-02-10T10:00:00Z"}},

  {"model": "shop.product", "pk": 42, "fields": {"name": "Ламинат 33 класс дуб", "slug": "laminat-33-klass", "category": 14, "description": "Ламинат дуб, влагостойкий.", "price": "650.00", "image_url": "https://placehold.co/500x500/D2B48C/FFFFFF?text=Ламинат", "is_bestseller": true, "is_new": false, "in_stock": true, "created_at": "2024-02-11T10:00:00Z"}},
  {"model": "shop.product", "pk": 43, "fields": {"name": "Линолеум коммерческий Tarkett", "slug": "linoleum-tarkett", "category": 14, "description": "Коммерческий линолеум.", "price": "450.00", "image_url": "https://placehold.co/500x500/808080/FFFFFF?text=Линолеум", "is_bestseller": false, "is_new": true, "in_stock": true, "created_at": "2024-02-12T10:00:00Z"}},

  {"model": "shop.product", "pk": 44, "fields": {"name": "Дверь межкомнатная белая", "slug": "dver-mezhkomnatnaya-belaya", "category": 15, "description": "Межкомнатная дверь белая.", "price": "4500.00", "image_url": "https://placehold.co/500x500/FFFFFF/000000?text=Дверь", "is_bestseller": true, "is_new": false, "in_stock": true, "created_at": "2024-02-13T10:00:00Z"}},
  {"model": "shop.product", "pk": 45, "fields": {"name": "Дверь входная металлическая", "slug": "dver-vhodnaya-metallicheskaya", "category": 15, "description": "Входная металлическая дверь.", "price": "12500.00", "image_url": "https://placehold.co/500x500/2F4F4F/FFFFFF?text=Дверь+входная", "is_bestseller": false, "is_new": false, "in_stock": true, "created_at": "2024-02-14T10:00:00Z"}},

  {"model": "shop.product", "pk": 46, "fields": {"name": "Пластиковое окно 1200х1500", "slug": "okno-plastikovoe-1200x1500", "category": 16, "description": "Двухкамерный стеклопакет.", "price": "8500.00", "image_url": "https://placehold.co/500x500/FFFFFF/000000?text=Окно", "is_bestseller": true, "is_new": true, "in_stock": true, "created_at": "2024-02-15T10:00:00Z"}},

  {"model": "shop.product", "pk": 47, "fields": {"name": "Сайдинг виниловый бежевый", "slug": "sajding-vinilovyj", "category": 17, "description": "Виниловый сайдинг для фасада.", "price": "350.00", "image_url": "https://placehold.co/500x500/D2B48C/FFFFFF?text=Сайдинг", "is_bestseller": false, "is_new": false, "in_stock": true, "created_at": "2024-02-16T10:00:00Z"}},

  {"model": "shop.product", "pk": 48, "fields": {"name": "Тротуарная плитка 50х50 серая", "slug": "trotuarnaya-plitka", "category": 18, "description": "Тротуарная плитка для дорожек.", "price": "280.00", "image_url": "https://placehold.co/500x500/808080/FFFFFF?text=Плитка", "is_bestseller": true, "is_new": false, "in_stock": true, "created_at": "2024-02-17T10:00:00Z"}},

  {"model": "shop.product", "pk": 49, "fields": {"name": "Труба ПНД 32мм 50м", "slug": "truba-pnd-32mm", "category": 19, "description": "Труба ПНД для водоснабжения.", "price": "1800.00", "image_url": "https://placehold.co/500x500/000000/FFFFFF?text=Труба", "is_bestseller": false, "is_new": false, "in_stock": true, "created_at": "2024-02-18T10:00:00Z"}},

  {"model": "shop.product", "pk": 50, "fields": {"name": "Радиатор алюминиевый 10 секций", "slug": "radiatory-alyuminievye", "category": 20, "description": "Алюминиевый радиатор отопления.", "price": "4200.00", "image_url": "https://placehold.co/500x500/C0C0C0/FFFFFF?text=Радиатор", "is_bestseller": true, "is_new": true, "in_stock": true, "created_at": "2024-02-19T10:00:00Z"}},

  {"model": "shop.productcharacteristic", "pk": 1, "fields": {"product": 1, "characteristic": 1, "value": "250"}},
  {"model": "shop.productcharacteristic", "pk": 2, "fields": {"product": 1, "characteristic": 2, "value": "120"}},
  {"model": "shop.productcharacteristic", "pk": 3, "fields": {"product": 1, "characteristic": 3, "value": "65"}},
  {"model": "shop.productcharacteristic", "pk": 4, "fields": {"product": 1, "characteristic": 4, "value": "3.5"}},
  {"model": "shop.productcharacteristic", "pk": 5, "fields": {"product": 1, "characteristic": 5, "value": "М150"}},
  {"model": "shop.productcharacteristic", "pk": 6, "fields": {"product": 2, "characteristic": 1, "value": "250"}},
  {"model": "shop.productcharacteristic", "pk": 7, "fields": {"product": 2, "characteristic": 2, "value": "120"}},
  {"model": "shop.productcharacteristic", "pk": 8, "fields": {"product": 2, "characteristic": 3, "value": "65"}},
  {"model": "shop.productcharacteristic", "pk": 9, "fields": {"product": 2, "characteristic": 4, "value": "3.8"}},
  {"model": "shop.productcharacteristic", "pk": 10, "fields": {"product": 2, "characteristic": 5, "value": "М150"}},
  {"model": "shop.productcharacteristic", "pk": 11, "fields": {"product": 3, "characteristic": 1, "value": "250"}},
  {"model": "shop.productcharacteristic", "pk": 12, "fields": {"product": 3, "characteristic": 2, "value": "120"}},
  {"model": "shop.productcharacteristic", "pk": 13, "fields": {"product": 3, "characteristic": 3, "value": "65"}},
  {"model": "shop.productcharacteristic", "pk": 14, "fields": {"product": 3, "characteristic": 7, "value": "Соломка"}},
  {"model": "shop.productcharacteristic", "pk": 15, "fields": {"product": 4, "characteristic": 1, "value": "230"}},
  {"model": "shop.productcharacteristic", "pk": 16, "fields": {"product": 4, "characteristic": 2, "value": "114"}},
  {"model": "shop.productcharacteristic", "pk": 17, "fields": {"product": 4, "characteristic": 3, "value": "65"}},
  {"model": "shop.productcharacteristic", "pk": 18, "fields": {"product": 4, "characteristic": 4, "value": "4.2"}},
  {"model": "shop.productcharacteristic", "pk": 19, "fields": {"product": 5, "characteristic": 4, "value": "50"}},
  {"model": "shop.productcharacteristic", "pk": 20, "fields": {"product": 5, "characteristic": 5, "value": "М500"}},
  {"model": "shop.productcharacteristic", "pk": 21, "fields": {"product": 6, "characteristic": 4, "value": "50"}},
  {"model": "shop.productcharacteristic", "pk": 22, "fields": {"product": 6, "characteristic": 5, "value": "М400"}},
  {"model": "shop.productcharacteristic", "pk": 23, "fields": {"product": 7, "characteristic": 4, "value": "25"}},
  {"model": "shop.productcharacteristic", "pk": 24, "fields": {"product": 7, "characteristic": 5, "value": "М400"}},
  {"model": "shop.productcharacteristic", "pk": 25, "fields": {"product": 7, "characteristic": 7, "value": "Белый"}},
  {"model": "shop.productcharacteristic", "pk": 26, "fields": {"product": 8, "characteristic": 1, "value": "6000"}},
  {"model": "shop.productcharacteristic", "pk": 27, "fields": {"product": 8, "characteristic": 2, "value": "150"}},
  {"model": "shop.productcharacteristic", "pk": 28, "fields": {"product": 8, "characteristic": 10, "value": "50"}},
  {"model": "shop.productcharacteristic", "pk": 29, "fields": {"product": 9, "characteristic": 1, "value": "6000"}},
  {"model": "shop.productcharacteristic", "pk": 30, "fields": {"product": 9, "characteristic": 2, "value": "100"}},
  {"model": "shop.productcharacteristic", "pk": 31, "fields": {"product": 9, "characteristic": 3, "value": "100"}},
  {"model": "shop.productcharacteristic", "pk": 32, "fields": {"product": 10, "characteristic": 1, "value": "6000"}},
  {"model": "shop.productcharacteristic", "pk": 33, "fields": {"product": 10, "characteristic": 2, "value": "150"}},
  {"model": "shop.productcharacteristic", "pk": 34, "fields": {"product": 10, "characteristic": 3, "value": "150"}},
  {"model": "shop.productcharacteristic", "pk": 35, "fields": {"product": 11, "characteristic": 1, "value": "3000"}},
  {"model": "shop.productcharacteristic", "pk": 36, "fields": {"product": 11, "characteristic": 2, "value": "90"}},
  {"model": "shop.productcharacteristic", "pk": 37, "fields": {"product": 11, "characteristic": 10, "value": "12"}},
  {"model": "shop.productcharacteristic", "pk": 38, "fields": {"product": 12, "characteristic": 1, "value": "1525"}},
  {"model": "shop.productcharacteristic", "pk": 39, "fields": {"product": 12, "characteristic": 2, "value": "1525"}},
  {"model": "shop.productcharacteristic", "pk": 40, "fields": {"product": 12, "characteristic": 10, "value": "10"}},
  {"model": "shop.productcharacteristic", "pk": 41, "fields": {"product": 13, "characteristic": 1, "value": "2500"}},
  {"model": "shop.productcharacteristic", "pk": 42, "fields": {"product": 13, "characteristic": 2, "value": "1250"}},
  {"model": "shop.productcharacteristic", "pk": 43, "fields": {"product": 13, "characteristic": 10, "value": "9"}},
  {"model": "shop.productcharacteristic", "pk": 44, "fields": {"product": 14, "characteristic": 6, "value": "2.7"}},
  {"model": "shop.productcharacteristic", "pk": 45, "fields": {"product": 14, "characteristic": 7, "value": "Белая"}},
  {"model": "shop.productcharacteristic", "pk": 46, "fields": {"product": 15, "characteristic": 6, "value": "10"}},
  {"model": "shop.productcharacteristic", "pk": 47, "fields": {"product": 15, "characteristic": 7, "value": "Белая"}},
  {"model": "shop.productcharacteristic", "pk": 48, "fields": {"product": 16, "characteristic": 6, "value": "2.5"}},
  {"model": "shop.productcharacteristic", "pk": 49, "fields": {"product": 17, "characteristic": 6, "value": "10"}},
  {"model": "shop.productcharacteristic", "pk": 50, "fields": {"product": 18, "characteristic": 4, "value": "25"}},
  {"model": "shop.productcharacteristic", "pk": 51, "fields": {"product": 19, "characteristic": 4, "value": "20"}},
  {"model": "shop.productcharacteristic", "pk": 52, "fields": {"product": 20, "characteristic": 4, "value": "25"}},
  {"model": "shop.productcharacteristic", "pk": 53, "fields": {"product": 21, "characteristic": 4, "value": "25"}},
  {"model": "shop.productcharacteristic", "pk": 54, "fields": {"product": 22, "characteristic": 10, "value": "0.5"}},
  {"model": "shop.productcharacteristic", "pk": 55, "fields": {"product": 22, "characteristic": 7, "value": "Зеленый"}},
  {"model": "shop.productcharacteristic", "pk": 56, "fields": {"product": 23, "characteristic": 10, "value": "0.45"}},
  {"model": "shop.productcharacteristic", "pk": 57, "fields": {"product": 24, "characteristic": 10, "value": "3"}},
  {"model": "shop.productcharacteristic", "pk": 58, "fields": {"product": 24, "characteristic": 7, "value": "Красный"}},
  {"model": "shop.productcharacteristic", "pk": 59, "fields": {"product": 25, "characteristic": 9, "value": "Керамика"}},
  {"model": "shop.productcharacteristic", "pk": 60, "fields": {"product": 25, "characteristic": 7, "value": "Белый"}},
  {"model": "shop.productcharacteristic", "pk": 61, "fields": {"product": 26, "characteristic": 9, "value": "Латунь"}},
  {"model": "shop.productcharacteristic", "pk": 62, "fields": {"product": 27, "characteristic": 9, "value": "Нержавейка"}},
  {"model": "shop.productcharacteristic", "pk": 63, "fields": {"product": 28, "characteristic": 13, "value": "3x2.5"}},
  {"model": "shop.productcharacteristic", "pk": 64, "fields": {"product": 28, "characteristic": 9, "value": "Медь"}},
  {"model": "shop.productcharacteristic", "pk": 65, "fields": {"product": 31, "characteristic": 8, "value": "800"}},
  {"model": "shop.productcharacteristic", "pk": 66, "fields": {"product": 32, "characteristic": 8, "value": "18"}},
  {"model": "shop.productcharacteristic", "pk": 67, "fields": {"product": 33, "characteristic": 8, "value": "1100"}},
  {"model": "shop.productcharacteristic", "pk": 68, "fields": {"product": 33, "characteristic": 11, "value": "125"}},
  {"model": "shop.productcharacteristic", "pk": 69, "fields": {"product": 34, "characteristic": 10, "value": "50"}},
  {"model": "shop.productcharacteristic", "pk": 70, "fields": {"product": 35, "characteristic": 10, "value": "50"}},
  {"model": "shop.productcharacteristic", "pk": 71, "fields": {"product": 36, "characteristic": 10, "value": "12.5"}},
  {"model": "shop.productcharacteristic", "pk": 72, "fields": {"product": 36, "characteristic": 1, "value": "2500"}},
  {"model": "shop.productcharacteristic", "pk": 73, "fields": {"product": 36, "characteristic": 2, "value": "1200"}},
  {"model": "shop.productcharacteristic", "pk": 74, "fields": {"product": 37, "characteristic": 1, "value": "3000"}},
  {"model": "shop.productcharacteristic", "pk": 75, "fields": {"product": 37, "characteristic": 2, "value": "50"}},
  {"model": "shop.productcharacteristic", "pk": 76, "fields": {"product": 37, "characteristic": 3, "value": "40"}},
  {"model": "shop.productcharacteristic", "pk": 77, "fields": {"product": 38, "characteristic": 13, "value": "60x60"}},
  {"model": "shop.productcharacteristic", "pk": 78, "fields": {"product": 38, "characteristic": 7, "value": "Серый"}},
  {"model": "shop.productcharacteristic", "pk": 79, "fields": {"product": 39, "characteristic": 13, "value": "30x30"}},
  {"model": "shop.productcharacteristic", "pk": 80, "fields": {"product": 39, "characteristic": 7, "value": "Белая"}},
  {"model": "shop.productcharacteristic", "pk": 81, "fields": {"product": 40, "characteristic": 1, "value": "10.05"}},
  {"model": "shop.productcharacteristic", "pk": 82, "fields": {"product": 40, "characteristic": 2, "value": "0.53"}},
  {"model": "shop.productcharacteristic", "pk": 83, "fields": {"product": 41, "characteristic": 1, "value": "10.05"}},
  {"model": "shop.productcharacteristic", "pk": 84, "fields": {"product": 41, "characteristic": 2, "value": "0.53"}},
  {"model": "shop.productcharacteristic", "pk": 85, "fields": {"product": 42, "characteristic": 1, "value": "1200"}},
  {"model": "shop.productcharacteristic", "pk": 86, "fields": {"product": 42, "characteristic": 2, "value": "193"}},
  {"model": "shop.productcharacteristic", "pk": 87, "fields": {"product": 42, "characteristic": 10, "value": "8"}},
  {"model": "shop.productcharacteristic", "pk": 88, "fields": {"product": 42, "characteristic": 14, "value": "33"}},
  {"model": "shop.productcharacteristic", "pk": 89, "fields": {"product": 43, "characteristic": 14, "value": "32"}},
  {"model": "shop.productcharacteristic", "pk": 90, "fields": {"product": 44, "characteristic": 1, "value": "2000"}},
  {"model": "shop.productcharacteristic", "pk": 91, "fields": {"product": 44, "characteristic": 2, "value": "800"}},
  {"model": "shop.productcharacteristic", "pk": 92, "fields": {"product": 44, "characteristic": 10, "value": "40"}},
  {"model": "shop.productcharacteristic", "pk": 93, "fields": {"product": 45, "characteristic": 1, "value": "2050"}},
  {"model": "shop.productcharacteristic", "pk": 94, "fields": {"product": 45, "characteristic": 2, "value": "860"}},
  {"model": "shop.productcharacteristic", "pk": 95, "fields": {"product": 45, "characteristic": 10, "value": "70"}},
  {"model": "shop.productcharacteristic", "pk": 96, "fields": {"product": 46, "characteristic": 13, "value": "120x150"}},
  {"model": "shop.productcharacteristic", "pk": 97, "fields": {"product": 47, "characteristic": 1, "value": "3000"}},
  {"model": "shop.productcharacteristic", "pk": 98, "fields": {"product": 47, "characteristic": 2, "value": "250"}},
  {"model": "shop.productcharacteristic", "pk": 99, "fields": {"product": 47, "characteristic": 10, "value": "1.2"}},
  {"model": "shop.productcharacteristic", "pk": 100, "fields": {"product": 48, "characteristic": 13, "value": "50x50"}},
  {"model": "shop.productcharacteristic", "pk": 101, "fields": {"product": 48, "characteristic": 7, "value": "Серый"}},
  {"model": "shop.productcharacteristic", "pk": 102, "fields": {"product": 49, "characteristic": 11, "value": "32"}},
  {"model": "shop.productcharacteristic", "pk": 103, "fields": {"product": 49, "characteristic": 1, "value": "50000"}},
  {"model": "shop.productcharacteristic", "pk": 104, "fields": {"product": 50, "characteristic": 12, "value": "10"}},
  {"model": "shop.productcharacteristic", "pk": 105, "fields": {"product": 50, "characteristic": 9, "value": "Алюминий"}}
]